nombre,Num. Recibos personalidad F,Num. Recibos personalidad J,Num.Recibos sin personalidad,Num.Recibos Almacen-Estacionamiento,Num. Recibos Actv. Comercial,Num. Recibos Actv. Cultural,Num. Recibos Actv. Deportiva,Num.Recibos Actv.Edificio singular,Num. Recibos Actv. Espectaculos,Num. Recibos Actv. Industrial,Num.Recibos Actv.Obras Urbanizacion,Num.Recibos Actv.Ocio y Hostaleria,Num. Recibos Actv. Oficinas,Num. Recibos Actv. Religiosas,Num. Recibos Actv. Residencial,Num.Recibos Actv.Sanidad y Beneficiencia,Num. Recibos totales,Importe Recibos personalidad F,Importe Recibos personalidad J,Importe Recibos sin personalidad,Imp.Recibos Actv.Almacen-Estacionamiento,Imp. Recibos Actv. Comercial,Imp. Recibos Actv. Cultural,Imp. Recibos Actv. Deportiva,Imp.Recibos Actv.Edificio singular,Imp. Recibos Actv. Espectaculos,Imp. Recibos Actv. Industrial,Imp.Recibos Actv.Obras urbanizacion,Imp.Recibos Actv.Ocio y Hosteleria,Imp. Recibos Actv. Oficinas,Imp. Recibos Actv. Religiosas,Imp. Recibos Actv. Residencial,Imp.Recibos Actv.Sanidad y Beneficiencia,Importe Recibos totales,Precio €/m2,Variación mensual,Variación trimestral,Variación anual,Variación máximo,Precio_Historico,Fecha_Historico
ALGIROS,29925.0,3073.0,108.0,10423.0,1847.0,64.0,18.0,3.0,2.0,52.0,50.0,5.0,146.0,11.0,20461.0,24.0,33106.0,7682931.53,1143879.32,109524.81,584493.15,898431.51,174460.66,33291.66,18763.97,5261.78,53149.46,15885.46,9704.62,123607.54,405.72,6970599.16,48280.97,8936335.66,2444,2.2,7.6,15.8,0.0,2444,2024-03-01
BENICALAP,33307.0,4134.0,87.0,13417.0,1403.0,131.0,23.0,8.0,2.0,310.0,165.0,19.0,123.0,13.0,21890.0,24.0,37528.0,7040950.17,2250822.52,67208.9,780417.2100000001,857992.0,27289.37,12871.27,10984.54,1035.42,206108.88,129287.42,734785.3600000001,152597.47,11459.32,6396145.4,38007.93,9358981.59,1960,3.5,8.3,22.8,11.9,2224,2011-04-01
BENIMACLET,23258.0,1941.0,70.0,7797.0,1688.0,20.0,6.0,4.0,4.0,75.0,128.0,7.0,125.0,9.0,15395.0,11.0,25269.0,5694801.48,876109.66,65455.53,478904.76,708514.59,25047.73,70513.62000000001,15297.86,890.03,55833.43,46524.380000000005,17333.01,227877.06,0.0,4974183.8100000005,15446.39,6636366.67,2362,0.3,4.4,20.2,0.0,2362,2024-03-01
CAMINS AL GRAU,50458.0,5734.0,112.0,21142.0,2452.0,41.0,16.0,0.0,13.0,191.0,129.0,34.0,303.0,15.0,31943.0,25.0,56304.0,12174763.32,5985903.61,176365.46,1417302.32,3536058.8099999996,56483.71,82774.02,0.0,8220.32,229969.16,166576.34,1220186.23,283965.5,1478.64,11210004.97,124012.37,18337032.39,2458,0.7,2.9,18.3,0.0,2458,2024-03-01
CAMPANAR,32851.0,3958.0,150.0,16054.0,1601.0,25.0,10.0,9.0,1.0,106.0,114.0,7.0,292.0,8.0,18706.0,26.0,36959.0,8428860.94,7015427.84,136789.6,1441600.11,3367353.5199999996,78561.56,15973.12,376296.02,0.0,315235.65,86965.02,327528.74,719864.52,2647.91,7555779.17,1293273.04,15581078.38,3020,2.6,10.4,27.7,0.0,3020,2024-03-01
CIUTAT VELLA,25915.0,10243.0,309.0,10508.0,3468.0,91.0,4.0,92.0,15.0,203.0,325.0,242.0,2067.0,42.0,19380.0,30.0,36467.0,9873951.17,11858631.64,416023.63,1214982.26,5482266.93,188040.68,2486.45,545316.13,172597.72999999998,98032.18,83821.05,979856.49,3955671.97,9787.42,9274683.59,141063.56,22148606.44,3273,1.2,0.5,5.8,0.0,3273,2024-03-01
EL PLA DEL REAL,25288.0,4148.0,1009.0,12553.0,1175.0,45.0,12.0,6.0,1.0,92.0,27.0,23.0,777.0,11.0,15714.0,9.0,30445.0,10329997.9,4789755.6,400088.16,1204738.93,1183554.38,156889.76,268418.19,205502.0,0.0,97781.07,57038.33,570823.65,1983989.3,8565.57,9584081.44,198459.04,15519841.66,3234,3.7,8.0,16.7,0.0,3234,2024-03-01
EXTRAMURS,40837.0,5498.0,161.0,14936.0,2913.0,63.0,8.0,5.0,1.0,142.0,55.0,79.0,588.0,17.0,27651.0,38.0,46496.0,13266997.68,3765943.09,352227.38,1283367.4600000002,2421765.72,54380.74,11322.95,326220.54000000004,1643.01,116489.98,72877.2,139809.84999999998,1267741.67,1517.77,11612430.68,75600.58,17385168.15,2783,0.5,4.2,11.2,0.0,2783,2024-03-01
JESUS,37127.0,2470.0,131.0,11846.0,2224.0,80.0,20.0,35.0,3.0,222.0,227.0,7.0,112.0,9.0,24931.0,12.0,39728.0,7884772.140000001,1275540.8,87796.66,660573.87,1033211.98,47335.759999999995,13525.44,70025.87,4752.49,169579.82,157715.55000000002,10107.89,183867.66,6460.72,6780465.7700000005,110486.78,9248109.6,1821,2.2,2.2,19.4,0.0,1821,2024-03-01
L'EIXAMPLE,36972.0,6768.0,337.0,14221.0,3314.0,96.0,17.0,5.0,7.0,228.0,81.0,69.0,760.0,30.0,25202.0,47.0,44077.0,15132324.88,7182306.94,243819.56,1853840.45,4369204.15,137583.86000000002,53235.69,107748.78,59115.91,112985.68,34968.0,224275.47,2284825.71,6134.09,13222830.59,91703.0,22558451.38,3615,0.4,2.9,11.6,0.4,3629,2024-02-01
L'OLIVERETA,31373.0,2461.0,43.0,7976.0,1369.0,49.0,8.0,11.0,2.0,146.0,254.0,7.0,141.0,22.0,23867.0,25.0,33877.0,6596051.33,2312963.1,47026.32,628333.11,650872.11,19856.09,69732.34999999999,942878.29,8090.21,172257.83000000002,52909.5,6335.05,178259.72,6669.889999999999,5898297.96,321548.64,8956040.75,1726,2.6,4.6,12.7,12.0,1961,2010-02-01
LA SAIDIA,35922.0,3255.0,163.0,12176.0,2360.0,56.0,56.0,1.0,1.0,190.0,201.0,18.0,171.0,13.0,24071.0,26.0,39340.0,7403461.79,1460740.87,91120.67,767613.28,1045112.7,68457.02,229481.83,6607.53,0.0,95018.8,53709.92,19827.49,163933.05000000002,1832.17,6453812.33,49917.21000000001,8955323.33,2029,1.5,1.5,13.4,6.8,2178,2023-10-01
PATRAIX,44786.0,3815.0,77.0,17732.0,2327.0,32.0,8.0,3.0,0.0,383.0,254.0,12.0,771.0,15.0,27131.0,10.0,48678.0,10535836.73,2661897.69,87359.48,950041.0,1457703.36,43015.28,26776.82,10869.94,0.0,1035252.94,260565.35,11169.0,546657.09,13993.45,8831762.1,97287.57,13285093.9,2001,4.3,8.0,20.1,0.0,2001,2024-03-01
POBLATS MARITIMS,37481.0,5319.0,89.0,9006.0,1900.0,93.0,17.0,14.0,27.0,600.0,716.0,92.0,358.0,19.0,30014.0,33.0,42889.0,7484849.25,2194980.76,45930.05,548177.61,660463.69,115419.58,19750.65,33864.4,32379.24,244219.54,348491.48,415213.01,349425.18,1795.16,6843333.800000001,113226.72,9725760.06,2231,2.3,2.9,12.9,0.0,2231,2024-03-01
QUATRE CARRERES,54216.0,5132.0,430.0,18878.0,2056.0,55.0,25.0,9.0,5.0,544.0,676.0,33.0,388.0,28.0,37052.0,29.0,59778.0,12477552.05,9647423.42,147771.72999999998,1263761.31,1742931.3,659134.47,467472.32,1206041.92,1443405.61,526639.8200000001,631215.78,350387.04000000004,912268.48,13937.1,11195558.14,1859993.91,22272747.2,2231,0.7,7.4,10.9,0.1,2233,2023-10-01
RASCANYA,37088.0,3195.0,77.0,13702.0,1593.0,82.0,13.0,4.0,5.0,286.0,178.0,9.0,267.0,11.0,24192.0,18.0,40360.0,7520248.44,1856888.88,59957.26,779461.8999999999,1259986.24,28634.66,296211.72000000003,29263.23,16730.11,111572.24,82419.12,3732.1,163725.59,3995.7,6632843.65,28518.32,9437094.58,1678,0.3,8.2,18.3,0.4,1684,2009-12-01
